[
  {
    "name": "TCP SYN Flood",
    "description": "Detects potential TCP SYN flood attacks",
    "condition": "packet.haslayer('TCP') and packet['TCP'].flags & 0x02 and not packet['TCP'].flags & 0x10",
    "count_threshold": 100,
    "time_window": 60,
    "severity": "High",
    "enabled": true
  },
  {
    "name": "ICMP Flood",
    "description": "Detects ICMP flood attacks",
    "condition": "packet.haslayer('ICMP')",
    "count_threshold": 50,
    "time_window": 60,
    "severity": "Medium",
    "enabled": true
  },
  {
    "name": "Port Scan Detection",
    "description": "Detects potential port scanning activity",
    "condition": "packet.haslayer('TCP') and packet['TCP'].flags & 0x02",
    "unique_ports_threshold": 15,
    "time_window": 120,
    "severity": "Medium",
    "enabled": true
  },
  {
    "name": "DNS Amplification",
    "description": "Detects potential DNS amplification attacks",
    "condition": "packet.haslayer('UDP') and packet.haslayer('DNS') and packet['UDP'].dport == 53",
    "count_threshold": 30,
    "time_window": 60,
    "severity": "High",
    "enabled": true
  },
  {
    "name": "HTTP Flooding",
    "description": "Detects HTTP flooding attacks",
    "condition": "packet.haslayer('TCP') and (packet['TCP'].dport == 80 or packet['TCP'].dport == 443)",
    "count_threshold": 200,
    "time_window": 60,
    "severity": "Medium",
    "enabled": true
  },
  {
    "name": "ARP Spoofing",
    "description": "Detects potential ARP spoofing attacks",
    "condition": "packet.haslayer('ARP') and packet['ARP'].op == 2",
    "count_threshold": 10,
    "time_window": 30,
    "severity": "Critical",
    "enabled": true
  },
  {
    "name": "SSH Brute Force",
    "description": "Detects potential SSH brute force attacks",
    "condition": "packet.haslayer('TCP') and packet['TCP'].dport == 22",
    "count_threshold": 10,
    "time_window": 60,
    "severity": "High",
    "enabled": true
  }
]
